Symbol  ,Series  ,Date  ,Prev Close  ,Open Price  ,High Price  ,Low Price  ,Last Price  ,Close Price  ,Average Price ,Total Traded Quantity  ,Turnover â‚¹  ,No. of Trades  ,Deliverable Qty  ,% Dly Qt to Traded Qty  
BPCL,EQ,07-Oct-2014,652.85,654.0,660.6,644.35,650.9,650.55,651.73,"12,50,933","81,52,67,929.00","55,118","5,70,832",45.63
BPCL,EQ,08-Oct-2014,650.55,651.0,678.0,650.35,674.75,674.7,668.99,"21,64,656","1,44,81,43,995.35","42,897","6,97,832",32.24
BPCL,EQ,09-Oct-2014,674.7,676.5,684.3,668.65,672.1,671.7,675.88,"10,73,365","72,54,68,620.75","31,307","2,48,347",23.14
BPCL,EQ,10-Oct-2014,671.7,676.9,682.0,668.1,670.8,670.25,675.58,"13,01,279","87,91,11,626.05","50,166","5,40,030",41.5
BPCL,EQ,13-Oct-2014,670.25,671.05,678.95,664.0,668.9,671.75,669.66,"14,92,380","99,93,88,398.50","33,345","8,04,881",53.93
BPCL,EQ,14-Oct-2014,671.75,670.85,670.85,653.05,656.0,656.3,661.56,"11,99,919","79,38,18,965.90","39,628","5,64,023",47.01
BPCL,EQ,16-Oct-2014,656.3,656.3,681.5,656.3,665.0,666.25,670.19,"22,65,705","1,51,84,48,521.95","55,586","11,73,223",51.78
BPCL,EQ,17-Oct-2014,666.25,668.2,675.0,659.45,667.7,666.75,668.03,"7,30,748","48,81,60,375.55","20,262","2,45,309",33.57
BPCL,EQ,20-Oct-2014,666.75,713.0,715.05,689.0,694.1,696.85,700.86,"36,35,452","2,54,79,52,419.20","85,342","17,06,258",46.93
BPCL,EQ,21-Oct-2014,696.85,699.75,699.75,685.0,687.05,687.8,689.27,"9,91,287","68,32,64,839.25","39,869","4,49,815",45.38
BPCL,EQ,22-Oct-2014,687.8,692.0,695.6,683.2,688.25,688.75,689.72,"7,47,879","51,58,30,300.65","22,524","2,99,968",40.11
BPCL,EQ,23-Oct-2014,688.75,692.5,692.9,690.0,691.05,691.1,691.42,"83,152","5,74,93,248.80","2,217","30,919",37.18
BPCL,EQ,27-Oct-2014,691.1,692.9,695.8,678.45,685.7,686.15,685.31,"8,35,000","57,22,37,473.85","24,840","4,37,857",52.44
BPCL,EQ,28-Oct-2014,686.15,689.0,704.0,687.9,703.9,701.85,698.19,"16,83,318","1,17,52,74,758.95","67,174","9,54,018",56.67
BPCL,EQ,29-Oct-2014,701.85,705.0,718.0,699.3,704.7,704.65,709.8,"16,88,954","1,19,88,11,933.50","43,305","7,45,389",44.13
BPCL,EQ,30-Oct-2014,704.65,705.0,707.35,692.25,699.6,702.05,701.9,"16,14,434","1,13,31,71,740.40","59,578","7,63,904",47.32
BPCL,EQ,31-Oct-2014,702.05,704.0,728.9,700.0,726.75,724.75,718.16,"16,52,907","1,18,70,46,897.85","35,406","5,66,414",34.27
BPCL,EQ,03-Nov-2014,724.75,730.5,732.9,717.55,722.1,724.05,725.17,"9,97,571","72,34,12,322.50","28,435","3,09,685",31.04
BPCL,EQ,05-Nov-2014,724.05,729.85,745.55,729.0,741.1,740.3,739.61,"23,70,661","1,75,33,60,790.80","64,182","14,39,115",60.71
BPCL,EQ,07-Nov-2014,740.3,740.5,766.0,738.75,758.0,759.15,758.09,"22,85,622","1,73,27,00,574.25","63,745","12,26,981",53.68
BPCL,EQ,10-Nov-2014,759.15,763.4,777.0,761.0,763.7,766.0,767.16,"17,19,362","1,31,90,32,732.10","28,587","10,45,831",60.83
BPCL,EQ,11-Nov-2014,766.0,772.8,773.4,762.45,766.5,766.9,767.09,"18,81,880","1,44,35,74,509.30","55,811","13,37,225",71.06
BPCL,EQ,12-Nov-2014,766.9,771.0,776.0,761.0,764.6,765.3,768.75,"15,77,613","1,21,27,93,066.35","30,889","7,41,597",47.01
BPCL,EQ,13-Nov-2014,765.3,751.0,754.5,725.05,725.3,730.45,735.17,"22,34,207","1,64,25,21,996.05","51,444","7,64,808",34.23
BPCL,EQ,14-Nov-2014,730.45,730.45,741.9,721.0,733.7,734.85,732.77,"25,82,690","1,89,25,25,785.00","90,458","13,88,903",53.78
BPCL,EQ,17-Nov-2014,734.85,734.0,740.8,713.1,725.0,726.05,724.91,"11,56,745","83,85,38,141.75","27,817","5,46,191",47.22
BPCL,EQ,18-Nov-2014,726.05,724.0,731.7,718.5,719.5,719.9,724.05,"11,42,981","82,75,71,857.10","21,511","5,79,354",50.69
BPCL,EQ,19-Nov-2014,719.9,724.9,738.75,717.65,720.45,721.55,728.65,"13,40,244","97,65,65,829.25","28,399","5,10,744",38.11
BPCL,EQ,20-Nov-2014,721.55,727.9,729.2,715.1,720.0,719.8,720.67,"10,48,780","75,58,19,044.55","21,538","5,83,767",55.66
BPCL,EQ,21-Nov-2014,719.8,719.8,733.5,717.5,724.0,724.45,725.27,"6,87,930","49,89,37,431.05","18,755","3,26,028",47.39
BPCL,EQ,24-Nov-2014,724.45,720.0,731.9,718.0,721.0,719.4,722.18,"10,40,323","75,13,01,782.10","29,957","7,14,667",68.7
BPCL,EQ,25-Nov-2014,719.4,720.0,729.45,706.8,709.0,709.9,713.83,"14,69,291","1,04,88,18,226.40","50,991","8,11,930",55.26
BPCL,EQ,26-Nov-2014,709.9,715.0,720.0,705.05,707.7,707.6,709.28,"14,93,616","1,05,93,97,079.60","24,681","9,22,552",61.77
BPCL,EQ,27-Nov-2014,707.6,710.5,731.9,710.0,720.0,720.55,722.44,"32,92,216","2,37,84,42,850.30","55,182","19,64,503",59.67
BPCL,EQ,28-Nov-2014,720.55,747.95,785.0,737.7,747.8,746.25,754.39,"68,33,729","5,15,52,81,994.75","99,060","29,62,572",43.35
BPCL,EQ,01-Dec-2014,746.25,760.0,761.5,738.65,747.4,744.35,746.92,"32,24,744","2,40,86,20,737.40","68,179","17,49,358",54.25
BPCL,EQ,02-Dec-2014,744.35,738.0,738.0,710.3,715.5,712.55,720.0,"14,96,861","1,07,77,42,953.15","35,270","5,88,764",39.33
BPCL,EQ,03-Dec-2014,712.55,716.05,722.65,705.1,709.0,710.85,713.49,"12,01,190","85,70,36,852.10","27,331","4,05,640",33.77
BPCL,EQ,04-Dec-2014,710.85,714.0,730.0,706.35,728.0,726.55,720.6,"13,55,144","97,65,20,250.85","29,246","5,13,748",37.91
BPCL,EQ,05-Dec-2014,726.55,729.95,731.8,707.7,709.6,710.05,716.79,"7,30,033","52,32,81,134.00","20,183","3,43,339",47.03
BPCL,EQ,08-Dec-2014,710.05,711.0,716.0,687.15,690.0,689.75,701.39,"16,32,658","1,14,51,32,896.45","40,310","8,54,893",52.36
BPCL,EQ,09-Dec-2014,689.75,693.15,697.25,667.0,669.0,673.35,684.61,"25,84,665","1,76,94,92,285.90","58,950","13,04,998",50.49
BPCL,EQ,10-Dec-2014,673.35,669.8,675.55,661.35,668.4,668.95,668.1,"17,17,612","1,14,75,43,627.65","31,734","8,81,891",51.34
BPCL,EQ,11-Dec-2014,668.95,674.8,680.0,658.05,663.25,663.15,665.75,"16,99,422","1,13,13,87,726.85","33,094","7,60,277",44.74
BPCL,EQ,12-Dec-2014,663.15,667.35,672.35,662.9,669.5,667.6,667.8,"16,18,654","1,08,09,44,630.35","47,224","9,34,672",57.74
BPCL,EQ,15-Dec-2014,667.6,662.1,668.0,625.0,638.7,636.35,643.4,"22,50,182","1,44,77,59,422.20","43,769","9,98,043",44.35
BPCL,EQ,16-Dec-2014,636.35,630.0,652.9,629.85,647.5,647.45,646.12,"20,71,218","1,33,82,57,057.20","46,670","10,57,665",51.06
BPCL,EQ,17-Dec-2014,647.45,645.25,652.05,635.05,649.0,647.8,642.28,"16,30,231","1,04,70,65,715.95","44,640","9,76,999",59.93
BPCL,EQ,18-Dec-2014,647.8,650.1,659.0,639.6,654.0,653.3,650.91,"12,51,785","81,48,02,690.10","43,640","5,23,123",41.79
BPCL,EQ,19-Dec-2014,653.3,655.8,667.0,648.55,652.0,653.75,659.66,"12,98,437","85,65,27,214.90","36,666","6,20,896",47.82
BPCL,EQ,22-Dec-2014,653.75,651.55,658.35,645.15,657.0,655.25,651.29,"4,94,786","32,22,48,898.55","13,360","1,83,602",37.11
BPCL,EQ,23-Dec-2014,655.25,652.0,662.5,648.65,649.5,650.8,655.14,"5,79,403","37,95,87,961.60","11,205","2,79,383",48.22
BPCL,EQ,24-Dec-2014,650.8,648.25,653.6,635.5,641.9,639.7,641.92,"25,53,721","1,63,92,87,637.00","24,984","19,00,067",74.4
BPCL,EQ,26-Dec-2014,639.7,639.0,649.1,629.75,646.65,645.7,638.04,"6,59,996","42,11,01,110.25","13,476","2,30,531",34.93
BPCL,EQ,29-Dec-2014,645.7,643.5,661.7,642.4,646.0,647.1,653.46,"8,72,843","57,03,64,818.65","30,725","3,90,399",44.73
BPCL,EQ,30-Dec-2014,647.1,650.25,657.45,645.0,650.7,648.45,651.15,"6,42,754","41,85,29,261.00","18,987","2,00,152",31.14
BPCL,EQ,31-Dec-2014,648.45,647.0,652.9,640.0,646.4,646.0,645.73,"5,54,419","35,80,03,750.95","13,871","1,31,788",23.77
BPCL,EQ,01-Jan-2015,646.0,648.9,657.5,642.2,654.45,654.2,650.33,"4,82,167","31,35,66,958.20","9,126","1,28,226",26.59
BPCL,EQ,02-Jan-2015,654.2,650.9,655.9,642.45,646.75,644.4,648.43,"10,23,715","66,38,09,363.55","20,920","4,53,708",44.32
BPCL,EQ,05-Jan-2015,644.4,645.0,649.45,641.3,646.0,645.65,645.09,"10,94,372","70,59,68,891.70","26,953","5,41,239",49.46
BPCL,EQ,06-Jan-2015,645.65,652.4,655.3,630.0,640.0,639.15,644.43,"21,86,835","1,40,92,59,790.65","45,768","12,08,954",55.28
BPCL,EQ,07-Jan-2015,639.15,637.0,649.35,637.0,646.0,644.95,644.83,"13,09,394","84,43,39,016.30","47,084","7,64,599",58.39
BPCL,EQ,08-Jan-2015,644.95,649.0,681.9,649.0,680.4,677.6,669.86,"28,06,699","1,88,01,05,726.75","1,12,511","13,10,850",46.7
BPCL,EQ,09-Jan-2015,677.6,684.0,688.0,672.5,677.95,679.35,681.47,"16,79,859","1,14,47,72,571.95","32,895","7,69,063",45.78
BPCL,EQ,12-Jan-2015,679.35,685.0,685.0,672.3,674.75,676.4,677.63,"6,44,574","43,67,82,532.20","16,987","2,28,554",35.46
BPCL,EQ,13-Jan-2015,676.4,680.4,691.0,663.5,669.75,669.55,677.4,"9,95,423","67,42,96,720.95","26,876","3,82,452",38.42
BPCL,EQ,14-Jan-2015,669.55,675.95,675.95,648.9,652.6,651.7,659.38,"11,85,379","78,16,19,958.05","24,212","6,35,906",53.65
BPCL,EQ,15-Jan-2015,651.7,655.1,668.2,649.35,662.4,662.95,658.84,"19,68,046","1,29,66,29,668.15","20,539","13,39,477",68.06
BPCL,EQ,16-Jan-2015,662.95,663.25,672.9,655.6,659.5,659.3,662.62,"11,91,208","78,93,18,584.90","28,809","6,43,292",54.0
BPCL,EQ,19-Jan-2015,659.3,659.25,661.05,642.7,646.25,645.2,649.28,"11,02,884","71,60,76,949.25","28,058","5,69,707",51.66
BPCL,EQ,20-Jan-2015,645.2,646.25,654.0,643.25,649.0,647.65,647.18,"7,75,545","50,19,16,462.25","16,703","3,57,225",46.06
BPCL,EQ,21-Jan-2015,647.65,648.0,657.35,643.6,654.2,654.15,649.23,"9,22,423","59,88,66,648.20","37,793","4,69,314",50.88
BPCL,EQ,22-Jan-2015,654.15,655.0,660.0,644.95,658.45,657.05,654.56,"8,22,723","53,85,25,430.20","19,564","3,98,439",48.43
BPCL,EQ,23-Jan-2015,657.05,663.4,682.35,657.55,674.0,674.75,671.44,"14,51,013","97,42,65,675.90","38,822","7,20,293",49.64
BPCL,EQ,27-Jan-2015,674.75,678.9,694.85,660.8,688.55,692.05,679.58,"19,34,214","1,31,44,48,456.45","41,505","10,11,148",52.28
BPCL,EQ,28-Jan-2015,692.05,688.85,709.6,685.0,707.0,706.25,703.21,"19,06,496","1,34,06,75,511.95","63,543","9,42,736",49.45
BPCL,EQ,29-Jan-2015,706.25,711.25,737.75,707.55,732.0,733.85,723.69,"32,33,749","2,34,02,43,577.45","95,192","15,52,512",48.01
BPCL,EQ,30-Jan-2015,733.85,737.5,763.25,731.0,751.0,748.85,745.5,"24,59,124","1,83,32,64,697.90","61,864","11,31,592",46.02
BPCL,EQ,02-Feb-2015,748.85,746.0,767.3,735.35,748.4,748.65,754.52,"16,92,266","1,27,68,40,658.45","41,386","7,86,598",46.48
BPCL,EQ,03-Feb-2015,748.65,749.0,756.4,724.35,725.35,727.4,738.43,"16,31,139","1,20,44,75,452.05","48,378","8,77,448",53.79
BPCL,EQ,04-Feb-2015,727.4,725.0,736.0,716.25,718.95,721.0,722.79,"18,26,719","1,32,03,35,190.70","43,546","10,58,974",57.97
BPCL,EQ,05-Feb-2015,721.0,724.7,772.8,723.0,746.15,750.0,755.01,"31,08,968","2,34,72,88,182.45","72,045","12,36,635",39.78
BPCL,EQ,06-Feb-2015,750.0,736.0,749.0,726.8,730.5,730.95,735.59,"15,50,662","1,14,06,55,969.30","50,146","7,79,208",50.25
BPCL,EQ,09-Feb-2015,730.95,721.0,726.0,706.55,712.85,711.8,713.97,"13,67,892","97,66,33,932.60","42,488","6,34,530",46.39
BPCL,EQ,10-Feb-2015,711.8,705.0,715.6,689.0,698.5,698.3,702.81,"24,47,255","1,71,99,60,721.25","56,929","13,29,017",54.31
BPCL,EQ,11-Feb-2015,698.3,702.4,716.3,694.45,714.65,712.9,706.8,"8,04,517","56,86,33,155.40","16,806","2,33,576",29.03
BPCL,EQ,12-Feb-2015,712.9,717.55,722.0,701.05,703.9,705.85,710.83,"7,12,759","50,66,49,987.35","19,632","2,58,052",36.2
BPCL,EQ,13-Feb-2015,705.85,705.8,733.7,693.0,722.5,724.9,719.17,"36,67,519","2,63,75,71,869.20","77,055","11,46,197",31.25
BPCL,EQ,16-Feb-2015,724.9,731.9,757.25,721.0,726.55,725.85,740.99,"19,97,890","1,48,04,21,884.80","47,530","8,20,713",41.08
BPCL,EQ,18-Feb-2015,725.85,727.5,735.0,721.0,728.7,729.65,728.0,"6,87,901","50,07,94,456.70","21,747","2,21,178",32.15
BPCL,EQ,19-Feb-2015,729.65,734.0,747.5,731.8,744.0,742.2,740.59,"12,90,739","95,59,12,892.75","21,602","5,70,687",44.21
BPCL,EQ,20-Feb-2015,742.2,741.5,745.8,738.0,743.9,741.8,741.58,"7,32,555","54,32,51,656.10","15,346","3,40,092",46.43
BPCL,EQ,23-Feb-2015,741.8,745.0,754.0,734.55,740.25,739.65,742.61,"7,38,439","54,83,74,982.15","15,786","4,02,854",54.55
BPCL,EQ,24-Feb-2015,739.65,743.0,759.85,741.9,757.5,757.3,752.4,"12,30,764","92,60,22,832.60","36,835","5,50,197",44.7
BPCL,EQ,25-Feb-2015,757.3,758.0,772.05,747.0,748.05,751.85,760.81,"15,99,009","1,21,65,39,698.25","39,547","8,71,150",54.48
BPCL,EQ,26-Feb-2015,751.85,751.85,758.7,741.65,744.0,745.8,747.61,"14,35,303","1,07,30,40,180.30","34,890","9,04,109",62.99
BPCL,EQ,27-Feb-2015,745.8,749.0,749.85,730.3,744.0,744.25,741.16,"8,56,930","63,51,19,206.30","27,267","4,16,224",48.57
BPCL,EQ,28-Feb-2015,744.25,748.5,751.15,727.0,744.3,746.2,743.57,"12,39,757","92,18,51,131.40","20,563","4,77,262",38.5
BPCL,EQ,02-Mar-2015,746.2,759.9,786.0,758.1,779.0,779.5,777.24,"30,93,093","2,40,40,75,221.70","60,084","14,96,977",48.4
BPCL,EQ,03-Mar-2015,779.5,779.5,786.5,768.2,779.05,780.8,779.56,"15,73,749","1,22,68,32,974.30","52,419","9,18,851",58.39
BPCL,EQ,04-Mar-2015,780.8,783.5,789.8,763.75,767.7,770.5,779.76,"17,96,224","1,40,06,23,057.00","67,236","11,83,570",65.89
BPCL,EQ,05-Mar-2015,770.5,770.0,780.9,768.0,776.9,776.35,775.3,"12,90,901","1,00,08,35,609.00","25,085","8,27,455",64.1
BPCL,EQ,09-Mar-2015,776.35,775.05,780.8,754.4,769.0,764.0,766.6,"17,81,956","1,36,60,52,917.15","60,933","12,72,002",71.38
BPCL,EQ,10-Mar-2015,764.0,768.8,777.6,761.65,764.0,764.2,768.92,"14,66,310","1,12,74,74,842.10","31,327","10,44,301",71.22
BPCL,EQ,11-Mar-2015,764.2,764.2,771.8,747.15,751.5,750.85,757.63,"5,99,713","45,43,59,545.75","23,808","2,97,222",49.56
BPCL,EQ,12-Mar-2015,750.85,752.35,758.55,747.95,749.3,749.5,751.23,"6,61,990","49,73,05,015.90","25,103","4,16,954",62.98
BPCL,EQ,13-Mar-2015,749.5,753.9,754.9,727.05,732.6,731.4,744.51,"8,70,318","64,79,59,914.00","24,049","4,06,297",46.68
BPCL,EQ,16-Mar-2015,731.4,740.0,745.0,733.3,736.95,736.65,738.18,"4,76,061","35,14,17,263.15","16,247","1,60,181",33.65
BPCL,EQ,17-Mar-2015,736.65,743.0,756.0,739.65,745.0,750.65,748.99,"10,54,936","79,01,37,179.85","36,335","6,16,292",58.42
BPCL,EQ,18-Mar-2015,750.65,749.4,782.0,745.0,774.8,772.45,767.82,"14,20,762","1,09,08,87,587.10","37,470","5,02,088",35.34
BPCL,EQ,19-Mar-2015,772.45,777.0,779.9,749.05,751.05,753.4,764.99,"7,52,941","57,59,95,749.40","19,560","2,47,164",32.83
BPCL,EQ,20-Mar-2015,753.4,753.4,753.4,722.8,727.55,727.05,731.04,"9,64,941","70,54,14,384.60","36,353","4,95,449",51.35
BPCL,EQ,23-Mar-2015,727.05,728.0,736.0,713.1,716.4,715.4,723.68,"7,11,185","51,46,73,329.20","43,189","3,39,054",47.67
BPCL,EQ,24-Mar-2015,715.4,720.0,744.5,717.65,739.25,740.8,738.39,"20,70,866","1,52,91,07,660.30","45,015","12,26,198",59.21
BPCL,EQ,25-Mar-2015,740.8,740.0,756.05,731.95,751.0,748.7,748.83,"14,36,088","1,07,53,80,142.80","45,464","6,12,598",42.66
BPCL,EQ,26-Mar-2015,748.7,742.9,774.15,740.0,754.75,762.3,764.81,"27,39,537","2,09,52,35,660.95","58,807","15,14,582",55.29
BPCL,EQ,27-Mar-2015,762.3,755.0,770.75,742.5,748.0,749.6,754.81,"17,56,690","1,32,59,58,809.90","45,425","8,39,119",47.77
BPCL,EQ,30-Mar-2015,749.6,753.0,774.95,751.1,769.95,769.3,769.28,"12,00,641","92,36,34,347.10","38,213","4,60,652",38.37
BPCL,EQ,31-Mar-2015,769.3,770.0,815.9,769.3,809.0,810.8,801.27,"26,21,292","2,10,03,71,253.60","75,122","7,82,037",29.83
BPCL,EQ,01-Apr-2015,810.8,810.95,818.0,796.5,804.0,804.2,806.85,"10,65,969","86,00,74,110.35","30,047","2,14,968",20.17
BPCL,EQ,06-Apr-2015,804.2,807.0,815.75,800.0,800.05,802.1,805.65,"8,52,662","68,69,47,522.40","21,167","3,18,572",37.36
BPCL,EQ,07-Apr-2015,802.1,806.0,806.0,791.0,796.0,795.7,795.18,"8,89,803","70,75,49,256.80","20,950","4,31,509",48.49
BPCL,EQ,08-Apr-2015,795.7,793.2,832.0,790.75,819.1,819.65,821.33,"23,16,704","1,90,27,77,222.80","54,340","8,93,623",38.57
BPCL,EQ,09-Apr-2015,819.65,828.0,835.0,809.0,812.9,811.85,819.88,"10,41,950","85,42,71,998.05","26,863","3,56,829",34.25
BPCL,EQ,10-Apr-2015,811.85,814.8,829.6,807.8,819.0,820.05,821.7,"13,49,753","1,10,90,89,804.95","37,529","6,03,948",44.75
BPCL,EQ,13-Apr-2015,820.05,817.65,828.9,812.0,817.0,818.4,819.79,"9,71,008","79,60,26,348.60","39,369","4,67,383",48.13
BPCL,EQ,15-Apr-2015,818.4,814.15,823.6,795.9,801.7,802.4,812.92,"11,78,017","95,76,39,323.90","36,251","6,40,829",54.4
BPCL,EQ,16-Apr-2015,802.4,801.0,806.8,791.5,799.7,800.9,798.49,"13,33,628","1,06,48,83,540.00","45,660","7,35,895",55.18
BPCL,EQ,17-Apr-2015,800.9,800.0,814.8,793.65,800.0,797.85,803.66,"10,94,614","87,96,97,318.35","32,612","3,96,324",36.21
BPCL,EQ,20-Apr-2015,797.85,805.0,812.85,795.0,802.2,803.5,805.51,"13,00,180","1,04,73,13,010.05","50,490","6,16,702",47.43
BPCL,EQ,21-Apr-2015,803.5,808.0,818.6,794.6,799.15,799.15,804.94,"15,17,517","1,22,15,05,505.35","43,786","7,78,260",51.29
BPCL,EQ,22-Apr-2015,799.15,803.6,815.55,802.0,805.0,805.05,807.4,"19,25,700","1,55,48,11,213.90","40,969","13,31,344",69.14
BPCL,EQ,23-Apr-2015,805.05,812.0,814.65,799.0,802.95,802.55,805.51,"8,51,651","68,60,13,906.00","25,261","4,18,613",49.15
BPCL,EQ,24-Apr-2015,802.55,804.75,804.75,774.85,776.2,780.5,789.43,"6,90,014","54,47,14,617.55","19,440","2,22,218",32.2
BPCL,EQ,27-Apr-2015,780.5,781.4,782.0,720.4,726.0,732.3,749.89,"12,42,333","93,16,14,966.15","37,300","6,81,661",54.87
BPCL,EQ,28-Apr-2015,732.3,737.0,775.0,734.0,758.5,765.15,759.38,"18,16,462","1,37,93,93,047.70","49,748","6,48,361",35.69
BPCL,EQ,29-Apr-2015,765.15,763.4,765.0,747.25,756.05,755.95,756.01,"10,13,258","76,60,29,679.65","34,505","4,35,648",42.99
BPCL,EQ,30-Apr-2015,755.95,756.05,783.15,751.55,764.1,764.75,768.69,"20,39,936","1,56,80,83,547.55","60,595","10,23,742",50.19
BPCL,EQ,04-May-2015,764.75,775.0,792.4,764.0,790.0,783.7,774.14,"10,41,216","80,60,45,969.95","29,372","4,43,274",42.57
BPCL,EQ,05-May-2015,783.7,785.0,787.15,768.0,774.0,777.3,778.01,"9,44,901","73,51,39,381.25","37,615","4,43,501",46.94
BPCL,EQ,06-May-2015,777.3,770.3,771.0,738.7,744.75,748.2,748.87,"15,08,176","1,12,94,21,519.45","54,799","7,21,407",47.83
BPCL,EQ,07-May-2015,748.2,740.25,756.5,720.35,727.8,729.95,736.98,"13,05,842","96,23,84,295.35","36,282","5,58,198",42.75
BPCL,EQ,08-May-2015,729.95,744.9,758.35,737.3,745.2,748.05,749.77,"11,10,210","83,24,02,160.80","37,052","5,32,454",47.96
BPCL,EQ,11-May-2015,748.05,752.8,754.0,745.0,750.5,750.8,749.6,"7,66,006","57,41,98,970.50","24,036","3,75,639",49.04
BPCL,EQ,12-May-2015,750.8,751.5,752.0,723.0,727.0,725.9,729.49,"10,93,698","79,78,37,141.80","37,085","6,49,342",59.37
BPCL,EQ,14-May-2015,735.85,737.5,759.65,730.0,757.0,756.7,749.56,"14,40,790","1,07,99,53,338.60","33,014","8,52,467",59.17
BPCL,EQ,15-May-2015,756.7,759.8,769.9,758.0,765.05,767.05,764.82,"9,52,260","72,83,06,783.70","34,834","4,73,194",49.69
BPCL,EQ,18-May-2015,767.05,779.7,795.0,772.3,793.2,792.8,786.63,"15,96,585","1,25,59,19,463.65","40,071","7,01,603",43.94
BPCL,EQ,19-May-2015,792.8,789.9,796.25,776.6,782.85,784.3,786.69,"6,80,420","53,52,78,195.00","36,924","2,16,500",31.82
BPCL,EQ,20-May-2015,784.3,790.0,796.0,783.7,785.95,786.95,789.46,"5,50,826","43,48,55,667.65","21,238","1,61,436",29.31
BPCL,EQ,21-May-2015,786.95,789.0,789.0,773.6,777.3,776.95,778.14,"5,81,258","45,23,02,578.90","30,267","2,18,009",37.51
BPCL,EQ,22-May-2015,776.95,775.0,785.0,770.3,785.0,782.3,777.84,"5,63,485","43,83,01,695.90","14,991","1,64,032",29.11
BPCL,EQ,25-May-2015,782.3,784.0,806.0,783.0,792.5,791.8,797.41,"9,86,328","78,65,04,854.05","28,467","2,37,217",24.05
BPCL,EQ,26-May-2015,791.8,793.1,796.8,775.0,782.0,781.75,782.06,"5,01,651","39,23,22,064.20","15,807","1,87,357",37.35
BPCL,EQ,27-May-2015,781.75,782.9,801.85,775.7,798.2,796.9,794.62,"8,34,003","66,27,13,025.35","24,580","2,95,741",35.46
BPCL,EQ,28-May-2015,796.9,799.6,823.85,795.5,823.0,817.7,812.73,"29,28,864","2,38,03,64,079.40","64,489","8,57,127",29.26
BPCL,EQ,29-May-2015,817.7,826.1,855.0,826.1,848.2,850.15,846.12,"23,42,645","1,98,21,50,545.15","58,662","8,76,038",37.4
BPCL,EQ,01-Jun-2015,850.15,851.1,871.4,839.2,857.95,860.75,861.55,"13,14,827","1,13,27,85,439.80","33,877","3,88,101",29.52
BPCL,EQ,02-Jun-2015,860.75,862.75,868.95,844.1,848.3,846.75,857.82,"11,15,533","95,69,22,522.25","39,972","4,05,209",36.32
BPCL,EQ,03-Jun-2015,846.75,847.2,850.9,832.7,840.95,839.2,840.71,"10,40,405","87,46,76,974.00","26,363","4,59,296",44.15
BPCL,EQ,04-Jun-2015,839.2,844.85,869.35,838.5,869.3,866.7,857.3,"15,12,781","1,29,69,01,193.10","43,767","6,41,867",42.43
BPCL,EQ,05-Jun-2015,866.7,867.0,876.35,854.0,855.35,855.7,863.43,"10,84,173","93,61,05,525.90","33,052","3,99,791",36.88
BPCL,EQ,08-Jun-2015,855.7,856.5,859.9,839.95,841.5,843.05,847.87,"9,46,455","80,24,71,573.00","36,140","5,06,804",53.55
BPCL,EQ,09-Jun-2015,843.05,838.0,854.1,836.9,849.4,849.4,848.49,"11,19,864","95,01,98,888.60","39,043","5,19,954",46.43
BPCL,EQ,10-Jun-2015,849.4,848.1,855.4,841.9,844.65,843.9,847.36,"10,35,772","87,76,74,327.15","31,282","3,33,458",32.19
BPCL,EQ,11-Jun-2015,843.9,849.5,862.0,838.5,844.0,842.4,851.15,"12,05,111","1,02,57,30,459.65","44,952","4,46,601",37.06
BPCL,EQ,12-Jun-2015,842.4,842.4,854.25,830.25,839.9,837.5,844.72,"10,99,401","92,86,80,754.70","49,634","4,36,391",39.69
BPCL,EQ,15-Jun-2015,837.5,838.0,845.85,831.3,835.0,833.5,837.9,"8,30,887","69,61,96,676.80","30,704","3,30,924",39.83
BPCL,EQ,16-Jun-2015,833.5,834.0,849.8,808.5,821.8,820.5,828.06,"22,89,922","1,89,61,91,484.90","60,504","7,20,357",31.46
BPCL,EQ,17-Jun-2015,820.5,820.0,821.8,803.0,812.0,810.45,810.16,"13,59,827","1,10,16,83,612.45","48,830","4,97,770",36.61
BPCL,EQ,18-Jun-2015,810.45,818.5,837.2,815.1,832.75,833.8,829.58,"13,89,153","1,15,24,16,255.10","46,740","4,93,028",35.49
BPCL,EQ,19-Jun-2015,833.8,839.0,846.95,828.45,835.75,835.65,838.42,"17,71,288","1,48,50,76,891.30","47,258","10,27,222",57.99
BPCL,EQ,22-Jun-2015,835.65,842.9,851.2,839.1,845.8,846.15,845.75,"14,82,182","1,25,35,59,217.50","38,905","6,97,321",47.05
BPCL,EQ,23-Jun-2015,846.15,852.0,865.0,846.15,861.0,860.85,858.97,"11,77,873","1,01,17,53,437.00","33,663","4,90,769",41.67
BPCL,EQ,24-Jun-2015,860.85,862.0,868.95,845.0,849.4,848.4,859.22,"13,54,112","1,16,34,79,972.00","44,191","7,93,450",58.6
BPCL,EQ,25-Jun-2015,848.4,848.4,866.65,848.3,858.0,858.35,859.76,"14,95,202","1,28,55,11,265.65","35,390","8,32,876",55.7
BPCL,EQ,26-Jun-2015,858.35,857.95,873.0,856.05,861.0,862.05,865.09,"10,54,561","91,22,86,038.65","34,812","4,12,286",39.1
BPCL,EQ,29-Jun-2015,862.05,853.9,881.85,853.0,870.7,871.85,871.44,"16,77,554","1,46,18,82,145.45","55,758","5,13,511",30.61
BPCL,EQ,30-Jun-2015,871.85,880.5,883.95,872.5,878.1,879.35,878.93,"20,36,861","1,79,02,67,420.50","55,127","11,45,608",56.24
BPCL,EQ,01-Jul-2015,879.35,885.0,896.15,881.0,890.0,887.95,887.86,"17,61,200","1,56,36,96,327.70","29,302","10,72,392",60.89
BPCL,EQ,02-Jul-2015,887.95,892.5,907.75,892.5,899.6,900.0,901.71,"18,93,730","1,70,76,03,894.95","51,488","10,48,498",55.37
BPCL,EQ,03-Jul-2015,900.0,904.0,914.8,896.55,904.0,902.85,905.76,"16,07,073","1,45,56,22,370.30","43,819","8,29,131",51.59
BPCL,EQ,06-Jul-2015,902.85,903.0,935.5,903.0,933.0,930.85,927.27,"24,81,800","2,30,13,09,659.25","50,371","11,08,423",44.66
BPCL,EQ,07-Jul-2015,930.85,938.0,943.25,927.2,932.6,932.35,934.67,"17,18,113","1,60,58,74,420.75","83,788","7,76,404",45.19
BPCL,EQ,08-Jul-2015,932.35,932.25,952.65,908.9,909.3,916.1,935.04,"35,07,996","3,28,01,17,233.90","99,206","15,13,467",43.14
BPCL,EQ,09-Jul-2015,916.1,912.55,916.75,863.25,868.95,866.65,883.62,"37,88,217","3,34,73,52,217.00","83,994","23,83,540",62.92
BPCL,EQ,10-Jul-2015,866.65,865.0,885.95,863.35,883.0,881.75,879.6,"22,57,062","1,98,53,10,520.70","81,977","11,86,553",52.57
BPCL,EQ,13-Jul-2015,881.75,885.05,913.9,880.0,913.4,909.3,898.0,"19,09,655","1,71,48,70,559.20","52,019","9,88,502",51.76
BPCL,EQ,14-Jul-2015,909.3,914.65,932.8,909.75,926.75,926.95,922.51,"20,63,248","1,90,33,70,132.65","39,898","7,56,781",36.68
BPCL,EQ,15-Jul-2015,926.95,929.0,929.0,912.1,921.7,917.65,918.67,"11,51,908","1,05,82,28,708.05","29,566","4,95,521",43.02
BPCL,EQ,16-Jul-2015,917.65,923.0,941.0,923.0,941.0,938.0,935.81,"15,64,665","1,46,42,21,673.20","44,323","8,17,216",52.23
BPCL,EQ,17-Jul-2015,938.0,942.0,950.6,935.05,939.9,939.65,942.98,"11,15,957","1,05,23,19,715.55","33,650","5,61,460",50.31
BPCL,EQ,20-Jul-2015,939.65,948.4,968.3,942.7,965.0,963.4,953.49,"20,81,474","1,98,46,54,431.50","81,811","11,68,219",56.12
BPCL,EQ,21-Jul-2015,963.4,965.0,969.5,949.9,951.65,952.2,957.29,"10,51,198","1,00,63,06,583.90","28,700","5,57,943",53.08
BPCL,EQ,22-Jul-2015,952.2,951.0,978.0,948.65,970.55,972.05,969.87,"11,66,322","1,13,11,76,098.45","43,473","4,28,849",36.77
BPCL,EQ,23-Jul-2015,972.05,974.5,987.0,965.25,971.0,970.3,977.91,"14,87,216","1,45,43,68,210.70","60,049","5,64,079",37.93
BPCL,EQ,24-Jul-2015,970.3,975.0,984.25,957.0,964.0,965.55,971.51,"16,29,705","1,58,32,81,176.55","37,338","6,72,535",41.27
BPCL,EQ,27-Jul-2015,965.55,964.5,974.0,951.1,953.25,954.45,958.9,"10,23,220","98,11,67,957.10","67,268","5,39,679",52.74
BPCL,EQ,28-Jul-2015,954.45,957.0,965.0,942.15,947.3,944.95,950.01,"13,98,955","1,32,90,24,089.15","50,389","7,45,713",53.31
BPCL,EQ,29-Jul-2015,944.95,949.0,959.5,937.6,948.1,949.3,949.49,"11,53,572","1,09,53,09,027.30","33,640","4,55,911",39.52
BPCL,EQ,30-Jul-2015,949.3,953.5,955.25,943.15,944.85,947.2,948.83,"16,27,215","1,54,39,46,383.00","43,356","8,86,955",54.51
BPCL,EQ,31-Jul-2015,947.2,950.0,951.75,917.95,933.0,926.75,931.88,"13,18,994","1,22,91,42,673.90","31,956","8,51,919",64.59
BPCL,EQ,03-Aug-2015,926.75,934.0,940.75,904.5,909.0,908.8,917.55,"17,85,649","1,63,84,22,369.05","90,108","10,77,664",60.35
BPCL,EQ,04-Aug-2015,908.8,918.0,936.95,914.25,936.4,933.55,928.81,"22,92,654","2,12,94,32,524.70","81,247","12,00,326",52.36
BPCL,EQ,06-Aug-2015,930.6,934.8,947.7,932.0,939.5,938.6,941.7,"14,58,033","1,37,30,32,053.60","38,844","7,22,361",49.54
BPCL,EQ,07-Aug-2015,938.6,942.5,963.0,927.75,958.95,955.5,945.77,"18,68,407","1,76,70,84,040.95","47,217","7,38,584",39.53
BPCL,EQ,10-Aug-2015,955.5,960.0,979.55,941.05,943.1,946.7,962.32,"16,61,539","1,59,89,32,985.50","62,582","6,10,220",36.73
BPCL,EQ,11-Aug-2015,946.7,949.7,949.9,914.25,928.0,925.25,927.76,"14,97,228","1,38,90,72,084.90","51,179","6,83,486",45.65
BPCL,EQ,12-Aug-2015,925.25,928.8,931.0,864.5,868.0,870.0,881.58,"26,27,343","2,31,62,23,490.60","78,349","10,75,115",40.92
BPCL,EQ,13-Aug-2015,870.0,874.4,893.75,857.8,887.3,885.25,881.78,"20,99,856","1,85,16,02,160.90","88,986","9,67,085",46.05
BPCL,EQ,14-Aug-2015,885.25,890.0,907.7,870.1,875.0,873.75,885.79,"23,83,616","2,11,13,74,746.15","72,629","4,95,741",20.8
BPCL,EQ,17-Aug-2015,873.75,879.0,888.0,860.05,864.35,865.15,869.81,"15,87,636","1,38,09,37,534.05","79,725","6,56,987",41.38
BPCL,EQ,18-Aug-2015,865.15,873.7,902.0,865.5,898.5,896.45,890.34,"19,98,100","1,77,89,84,890.30","74,347","8,37,730",41.93
BPCL,EQ,19-Aug-2015,896.45,902.95,915.9,884.0,887.0,887.1,901.25,"16,25,806","1,46,52,56,306.85","42,518","4,86,771",29.94
BPCL,EQ,20-Aug-2015,887.1,898.95,918.9,885.0,905.0,902.05,907.72,"27,98,359","2,54,01,14,770.85","71,764","13,59,175",48.57
BPCL,EQ,21-Aug-2015,902.05,886.0,895.0,867.85,893.1,889.65,885.59,"20,71,425","1,83,44,29,810.60","73,207","11,28,003",54.46
BPCL,EQ,24-Aug-2015,889.65,862.0,872.0,802.9,825.0,818.6,835.09,"23,89,255","1,99,52,46,221.85","76,603","12,79,117",53.54
BPCL,EQ,25-Aug-2015,818.6,830.25,869.4,817.15,868.8,862.75,844.23,"25,57,103","2,15,87,89,290.30","64,028","11,44,007",44.74
BPCL,EQ,26-Aug-2015,862.75,865.0,876.8,832.0,839.0,837.65,854.39,"18,55,315","1,58,51,61,964.35","1,10,578","8,84,622",47.68
BPCL,EQ,27-Aug-2015,837.65,860.0,884.5,848.15,878.25,880.2,870.8,"17,88,490","1,55,74,14,137.10","55,519","8,72,296",48.77
BPCL,EQ,28-Aug-2015,880.2,866.8,867.75,845.75,862.65,860.95,861.82,"20,17,921","1,73,90,79,590.75","58,642","10,30,033",51.04
BPCL,EQ,31-Aug-2015,860.95,863.35,887.0,851.5,883.95,883.2,877.37,"25,24,540","2,21,49,60,354.20","59,384","13,80,814",54.7
BPCL,EQ,01-Sep-2015,883.2,871.2,878.7,851.25,862.0,863.35,867.78,"10,25,655","89,00,47,132.45","40,375","4,40,264",42.93
BPCL,EQ,02-Sep-2015,863.35,874.9,875.9,845.6,851.15,849.1,859.23,"18,16,203","1,56,05,38,390.05","62,060","8,68,775",47.83
BPCL,EQ,03-Sep-2015,849.1,854.0,860.95,832.3,840.0,837.95,841.17,"13,31,047","1,11,96,36,690.05","41,726","4,58,514",34.45
BPCL,EQ,04-Sep-2015,837.95,840.0,854.8,820.0,850.3,850.6,837.58,"13,63,011","1,14,16,37,336.75","49,724","4,64,145",34.05
BPCL,EQ,07-Sep-2015,850.6,845.35,859.1,823.6,829.95,830.2,843.47,"9,79,658","82,63,07,841.85","39,185","3,64,423",37.2
BPCL,EQ,08-Sep-2015,830.2,835.05,839.0,811.6,821.5,821.25,823.78,"11,09,536","91,40,18,898.70","33,328","3,63,749",32.78
BPCL,EQ,09-Sep-2015,821.25,834.0,845.0,817.7,820.0,820.25,828.39,"16,51,212","1,36,78,48,056.05","53,981","7,28,298",44.11
BPCL,EQ,10-Sep-2015,820.25,820.0,843.0,818.0,838.1,839.7,833.84,"25,60,227","2,13,48,30,308.65","48,595","12,48,996",48.78
BPCL,EQ,11-Sep-2015,839.7,845.0,857.8,842.95,854.4,850.55,849.97,"11,22,308","95,39,31,175.35","23,418","5,55,165",49.47
BPCL,EQ,14-Sep-2015,850.55,859.75,885.95,857.35,884.95,880.4,874.45,"15,32,674","1,34,02,44,577.40","43,779","6,73,375",43.93
BPCL,EQ,15-Sep-2015,880.4,884.8,892.4,871.0,877.7,879.6,879.58,"10,29,356","90,53,96,393.20","30,934","4,17,566",40.57
BPCL,EQ,16-Sep-2015,879.6,881.5,887.5,853.05,864.25,862.35,870.46,"14,05,078","1,22,30,69,308.20","34,612","6,77,096",48.19
BPCL,EQ,18-Sep-2015,862.35,875.0,887.5,863.65,868.3,869.55,874.99,"11,92,066","1,04,30,41,876.90","40,247","5,45,447",45.76
BPCL,EQ,21-Sep-2015,869.55,868.1,881.4,864.3,873.0,871.25,872.68,"8,45,097","73,75,03,094.60","31,899","2,93,121",34.68
BPCL,EQ,22-Sep-2015,871.25,877.0,880.9,854.1,864.0,861.4,870.55,"9,88,898","86,08,82,040.85","34,746","3,51,596",35.55
BPCL,EQ,23-Sep-2015,861.4,861.0,884.55,856.55,883.8,876.75,870.85,"6,59,417","57,42,52,714.25","22,863","2,07,654",31.49
BPCL,EQ,24-Sep-2015,876.75,885.5,892.3,877.55,882.0,880.9,884.36,"9,76,060","86,31,90,579.90","27,072","3,36,413",34.47
BPCL,EQ,28-Sep-2015,880.9,880.9,898.95,876.2,885.0,883.5,888.15,"8,72,468","77,48,86,675.65","32,203","3,86,208",44.27
BPCL,EQ,29-Sep-2015,883.5,880.0,880.0,843.2,848.4,847.8,855.51,"15,33,272","1,31,17,32,555.15","75,490","7,91,448",51.62
BPCL,EQ,30-Sep-2015,847.8,850.1,860.0,845.65,849.2,850.7,853.49,"15,36,865","1,31,16,95,040.85","55,146","7,89,432",51.37
BPCL,EQ,01-Oct-2015,850.7,857.25,864.45,845.0,854.15,855.1,854.78,"13,19,512","1,12,78,98,614.50","41,782","5,75,993",43.65
BPCL,EQ,05-Oct-2015,855.1,860.0,867.65,850.1,859.5,860.7,859.87,"10,91,697","93,87,15,455.30","38,119","5,36,639",49.16
BPCL,EQ,06-Oct-2015,860.7,863.9,884.0,859.4,875.0,875.65,875.19,"13,37,003","1,17,01,29,812.55","45,871","6,58,807",49.27
