Symbol,Series,Date,Prev Close,Open Price,High Price,Low Price,Last Price,Close Price,Average Price,Total Traded Quantity,Turnover â‚¹,No. of Trades,Deliverable Qty,% Dly Qt to Traded Qty
SBIN,EQ,06-Oct-2022,532.7,534.6,541.8,534.6,537.35,537.3,538.44,"95,07,322","5,11,91,02,137.60","1,83,101","44,30,981",46.61
SBIN,EQ,07-Oct-2022,537.3,535.5,535.6,526.55,531.0,530.2,529.64,"1,10,65,307","5,86,06,24,159.50","1,85,698","50,18,194",45.35
SBIN,EQ,10-Oct-2022,530.2,525.7,533.9,522.2,531.4,530.75,528.13,"96,49,292","5,09,60,52,558.90","1,91,653","35,88,945",37.19
SBIN,EQ,11-Oct-2022,530.75,530.75,533.7,525.5,527.0,527.4,529.35,"1,08,25,440","5,73,04,63,472.65","1,59,970","45,18,524",41.74
SBIN,EQ,12-Oct-2022,527.4,530.0,535.0,526.0,535.0,533.8,530.03,"85,22,604","4,51,72,36,010.00","1,21,592","30,16,240",35.39
SBIN,EQ,13-Oct-2022,533.8,533.0,533.8,520.2,521.9,521.45,525.44,"1,29,72,765","6,81,64,38,201.85","1,66,849","64,96,472",50.08
SBIN,EQ,14-Oct-2022,521.45,530.2,534.85,526.0,527.8,527.2,530.03,"85,45,479","4,52,93,75,083.50","1,44,578","29,24,078",34.22
SBIN,EQ,17-Oct-2022,527.2,526.4,544.7,524.2,543.2,543.65,538.7,"1,34,85,349","7,26,45,15,862.55","2,08,408","37,00,920",27.44
SBIN,EQ,18-Oct-2022,543.65,547.1,563.5,546.75,562.4,562.45,558.19,"2,04,40,781","11,40,97,91,394.10","2,45,391","97,47,060",47.68
SBIN,EQ,19-Oct-2022,562.45,563.0,563.45,551.55,553.75,553.4,555.4,"95,40,583","5,29,88,45,388.70","1,37,573","33,98,721",35.62
SBIN,EQ,20-Oct-2022,553.4,552.0,556.8,545.3,555.5,555.4,551.98,"1,12,25,588","6,19,63,28,573.95","1,34,915","40,79,003",36.34
SBIN,EQ,21-Oct-2022,555.4,557.25,565.8,557.25,561.65,560.85,562.7,"1,17,67,639","6,62,16,48,120.80","1,98,859","44,01,295",37.40
SBIN,EQ,24-Oct-2022,560.85,567.0,572.5,565.9,572.15,570.5,569.46,"36,92,065","2,10,24,64,996.35","63,147","15,10,943",40.92
SBIN,EQ,25-Oct-2022,570.5,572.5,586.2,568.0,577.0,578.55,578.28,"1,98,99,324","11,50,74,27,412.85","2,15,376","88,33,736",44.39
SBIN,EQ,27-Oct-2022,578.55,583.95,585.0,577.6,579.1,579.65,580.71,"1,36,13,533","7,90,55,25,313.35","2,09,377","59,98,675",44.06
SBIN,EQ,28-Oct-2022,579.65,579.95,582.65,567.0,571.8,570.75,572.65,"1,00,43,644","5,75,15,15,569.95","1,44,061","37,98,576",37.82
SBIN,EQ,31-Oct-2022,570.75,574.95,577.45,568.4,573.5,573.8,572.79,"98,94,639","5,66,75,60,387.80","1,39,535","37,59,140",37.99
SBIN,EQ,01-Nov-2022,573.8,576.35,585.75,574.6,576.0,576.9,579.85,"1,20,69,579","6,99,85,54,295.30","1,63,499","50,57,539",41.90
SBIN,EQ,02-Nov-2022,576.9,575.9,578.95,569.9,573.0,573.85,574.79,"1,02,41,440","5,88,66,94,998.95","1,42,730","37,73,099",36.84
SBIN,EQ,03-Nov-2022,573.85,569.0,587.95,568.0,584.15,584.9,581.58,"1,75,57,998","10,21,13,88,603.80","2,44,825","51,21,059",29.17
SBIN,EQ,04-Nov-2022,584.9,586.0,596.95,580.4,595.7,593.95,587.64,"2,57,59,031","15,13,70,53,924.20","3,02,456","1,00,18,968",38.89
SBIN,EQ,07-Nov-2022,593.95,613.0,622.7,607.7,613.8,614.15,615.56,"4,42,65,903","27,24,84,49,289.60","4,70,162","1,64,13,804",37.08
SBIN,EQ,09-Nov-2022,614.15,621.0,621.0,610.55,614.6,615.55,615.08,"1,89,39,854","11,64,95,23,009.90","3,02,328","93,73,877",49.49
SBIN,EQ,10-Nov-2022,615.55,613.1,615.1,602.2,605.05,605.75,607.23,"1,16,18,405","7,05,50,30,835.70","2,32,699","44,37,252",38.19
SBIN,EQ,11-Nov-2022,605.75,617.25,619.55,598.5,600.0,601.3,605.28,"1,55,25,267","9,39,71,03,693.35","2,20,631","56,51,310",36.40
SBIN,EQ,14-Nov-2022,601.3,603.95,603.95,591.65,592.5,592.55,596.08,"1,29,57,268","7,72,35,73,323.30","2,27,415","60,81,635",46.94
SBIN,EQ,15-Nov-2022,592.55,594.3,602.1,592.65,601.5,600.85,597.7,"1,02,86,417","6,14,81,69,628.95","1,53,811","33,48,965",32.56
SBIN,EQ,16-Nov-2022,600.85,599.95,603.5,596.0,599.0,599.75,600.52,"1,15,55,749","6,93,94,89,693.90","1,68,811","46,56,034",40.29
SBIN,EQ,17-Nov-2022,599.75,599.1,602.75,596.15,598.45,599.05,599.41,"81,67,131","4,89,54,33,201.45","1,14,824","29,48,861",36.11
SBIN,EQ,18-Nov-2022,599.05,601.0,605.75,597.15,602.05,602.7,601.12,"1,29,33,675","7,77,47,46,404.45","1,55,935","50,77,955",39.26
SBIN,EQ,21-Nov-2022,602.7,602.1,602.1,595.35,598.0,598.1,598.39,"74,12,419","4,43,55,09,514.55","1,35,865","28,65,902",38.66
SBIN,EQ,22-Nov-2022,598.1,598.15,600.7,596.15,599.0,599.1,598.56,"80,48,595","4,81,75,32,263.45","1,26,028","39,02,083",48.48
SBIN,EQ,23-Nov-2022,599.1,601.55,609.6,601.0,607.1,607.65,606.5,"1,24,35,924","7,54,23,86,457.50","1,71,897","52,17,318",41.95
SBIN,EQ,24-Nov-2022,607.65,609.75,611.3,605.8,609.6,609.35,608.75,"89,60,032","5,45,43,95,604.45","1,28,229","34,20,469",38.17
SBIN,EQ,25-Nov-2022,609.35,610.55,613.7,606.25,607.2,607.4,609.3,"99,94,513","6,08,96,40,965.50","1,36,359","44,41,339",44.44
SBIN,EQ,28-Nov-2022,607.4,605.6,610.9,602.35,608.0,608.6,606.01,"79,34,274","4,80,82,29,149.85","1,21,851","36,25,579",45.70
SBIN,EQ,29-Nov-2022,608.6,607.1,611.8,607.1,608.1,608.55,609.32,"69,42,919","4,23,04,94,096.30","1,21,735","31,38,453",45.20
SBIN,EQ,30-Nov-2022,608.55,608.5,611.4,598.4,602.95,602.45,603.09,"1,56,06,230","9,41,20,10,412.20","1,74,362","84,49,322",54.14
SBIN,EQ,01-Dec-2022,602.45,607.85,609.8,601.55,608.0,608.1,605.68,"1,42,09,313","8,60,62,71,146.80","1,72,004","68,62,086",48.29
SBIN,EQ,02-Dec-2022,608.1,607.5,609.6,604.25,607.6,607.55,607.29,"75,33,838","4,57,52,52,955.95","1,42,901","39,82,578",52.86
SBIN,EQ,05-Dec-2022,607.55,608.5,618.0,607.55,616.7,617.3,614.05,"1,15,85,602","7,11,41,64,816.20","2,10,728","57,30,406",49.46
SBIN,EQ,06-Dec-2022,617.3,614.75,619.8,607.8,609.3,608.95,613.29,"1,29,96,244","7,97,05,03,352.00","1,90,699","73,87,969",56.85
SBIN,EQ,07-Dec-2022,608.95,610.85,612.9,604.5,606.95,607.05,607.96,"76,13,892","4,62,89,04,222.25","1,13,416","34,19,765",44.91
SBIN,EQ,08-Dec-2022,607.05,609.75,613.8,607.15,612.25,611.65,611.14,"1,00,20,015","6,12,36,08,626.50","1,46,277","45,72,184",45.63
SBIN,EQ,09-Dec-2022,611.65,614.4,618.0,609.1,617.0,616.5,613.84,"1,12,02,267","6,87,64,34,227.30","1,69,991","54,48,182",48.63
SBIN,EQ,12-Dec-2022,616.5,614.8,618.7,611.0,612.35,613.05,613.74,"92,85,187","5,69,86,47,281.15","1,35,955","37,83,456",40.75
SBIN,EQ,13-Dec-2022,613.05,613.5,617.4,612.5,616.8,616.75,615.45,"74,55,415","4,58,84,04,579.40","1,62,670","33,63,135",45.11
SBIN,EQ,14-Dec-2022,616.75,618.5,626.75,617.5,625.3,625.5,623.52,"1,40,10,673","8,73,58,84,073.65","1,87,174","58,62,456",41.84
SBIN,EQ,15-Dec-2022,625.5,625.55,629.55,614.3,614.7,615.95,621.92,"1,06,22,271","6,60,61,76,441.80","1,48,853","40,96,192",38.56
SBIN,EQ,16-Dec-2022,615.95,612.0,615.6,602.1,604.35,603.35,607.83,"94,35,071","5,73,49,14,585.60","1,60,875","34,97,337",37.07
SBIN,EQ,19-Dec-2022,603.35,604.0,609.5,603.0,605.5,604.45,605.78,"83,22,012","5,04,12,68,364.25","1,49,442","37,77,196",45.39
SBIN,EQ,20-Dec-2022,604.45,603.0,606.5,599.55,605.3,604.45,602.65,"67,53,785","4,07,01,54,751.50","1,28,701","22,74,446",33.68
SBIN,EQ,21-Dec-2022,604.45,605.9,609.15,589.6,594.3,593.4,599.66,"92,17,253","5,52,71,95,688.50","1,45,768","35,22,227",38.21
SBIN,EQ,22-Dec-2022,593.4,597.0,599.0,587.55,592.0,593.4,592.49,"87,40,149","5,17,84,37,456.55","1,36,417","26,37,879",30.18
SBIN,EQ,23-Dec-2022,593.4,590.0,590.7,571.5,573.1,574.0,579.55,"1,30,47,046","7,56,14,31,125.75","2,26,901","59,30,199",45.45
SBIN,EQ,26-Dec-2022,574.0,574.0,601.7,570.7,597.1,597.1,589.64,"1,32,01,587","7,78,41,34,332.20","2,10,003","44,97,406",34.07
SBIN,EQ,27-Dec-2022,597.1,600.4,603.1,593.3,602.0,601.9,598.21,"96,38,618","5,76,59,12,745.95","2,06,219","25,69,120",26.65
SBIN,EQ,28-Dec-2022,601.9,600.9,607.0,598.55,601.0,601.05,602.94,"79,88,631","4,81,66,51,444.45","1,43,945","25,62,261",32.07
SBIN,EQ,29-Dec-2022,601.05,600.0,618.0,597.15,614.05,611.8,608.16,"2,01,30,392","12,24,25,24,564.70","1,68,187","1,14,39,937",56.83
SBIN,EQ,30-Dec-2022,611.8,615.25,620.55,611.35,614.25,613.7,615.43,"1,30,52,895","8,03,31,00,347.05","1,58,347","61,60,516",47.20
SBIN,EQ,02-Jan-2023,613.7,614.95,619.2,611.2,612.6,612.2,614.42,"67,26,084","4,13,26,15,299.65","1,25,418","24,30,000",36.13
SBIN,EQ,03-Jan-2023,612.2,614.5,616.6,610.0,612.95,612.4,613.26,"68,18,062","4,18,12,58,078.20","1,22,799","24,51,217",35.95
SBIN,EQ,04-Jan-2023,612.4,611.85,614.95,604.0,605.6,605.2,607.74,"70,11,191","4,26,09,69,479.35","1,13,548","29,22,723",41.69
SBIN,EQ,05-Jan-2023,605.2,607.0,611.6,601.95,605.75,605.1,605.84,"82,41,475","4,99,29,82,082.00","1,46,571","40,11,597",48.68
SBIN,EQ,06-Jan-2023,605.1,607.4,607.45,597.0,601.0,600.65,601.57,"79,72,036","4,79,57,47,048.60","1,54,179","41,50,827",52.07
SBIN,EQ,09-Jan-2023,600.65,605.0,609.0,600.1,608.45,607.7,606.07,"88,78,905","5,38,12,51,510.20","1,60,223","52,16,863",58.76
SBIN,EQ,10-Jan-2023,607.7,608.45,609.0,590.6,595.5,595.15,596.1,"1,06,22,660","6,33,22,08,142.65","1,87,602","47,95,085",45.14
SBIN,EQ,11-Jan-2023,595.15,596.45,599.5,592.25,597.0,596.7,596.73,"74,19,630","4,42,75,02,701.85","1,20,446","27,44,770",36.99
SBIN,EQ,12-Jan-2023,596.7,597.9,597.9,590.1,594.95,594.9,593.57,"81,83,715","4,85,76,01,333.75","1,95,861","40,61,846",49.63
SBIN,EQ,13-Jan-2023,594.9,597.9,602.9,593.65,600.7,600.1,598.73,"78,77,610","4,71,65,67,188.30","1,22,377","35,70,587",45.33
SBIN,EQ,16-Jan-2023,600.1,603.0,606.1,600.6,603.2,603.0,603.22,"54,83,191","3,30,75,58,082.15","1,14,056","17,86,991",32.59
SBIN,EQ,17-Jan-2023,603.0,603.0,606.0,586.05,593.4,592.95,593.93,"1,34,61,999","7,99,55,08,779.40","1,79,000","62,02,110",46.07
SBIN,EQ,18-Jan-2023,592.95,595.9,597.15,587.6,591.0,591.45,591.61,"1,15,38,075","6,82,60,73,685.45","1,87,691","52,28,386",45.31
SBIN,EQ,19-Jan-2023,591.45,591.0,591.75,587.55,589.7,589.85,589.57,"74,75,688","4,40,74,07,361.60","1,59,313","36,00,314",48.16
SBIN,EQ,20-Jan-2023,589.85,593.8,596.6,590.8,592.95,592.2,593.93,"67,50,607","4,00,93,74,692.95","1,14,106","28,36,387",42.02
SBIN,EQ,23-Jan-2023,592.2,598.5,601.75,592.95,601.0,600.45,599.43,"66,04,469","3,95,89,19,244.80","1,22,483","30,55,907",46.27
SBIN,EQ,24-Jan-2023,600.45,603.5,604.6,593.05,593.95,594.35,597.94,"76,09,623","4,55,01,01,925.85","1,43,693","42,78,719",56.23
SBIN,EQ,25-Jan-2023,594.35,595.85,595.85,567.4,568.5,568.7,574.28,"2,56,86,294","14,75,10,42,028.80","4,41,882","1,47,55,095",57.44
SBIN,EQ,27-Jan-2023,568.7,568.0,568.55,532.25,542.0,539.95,548.08,"4,01,63,464","22,01,29,48,569.60","5,01,251","2,46,14,678",61.29
SBIN,EQ,30-Jan-2023,539.95,536.0,554.35,525.2,541.25,538.2,536.97,"4,07,97,825","21,90,71,60,847.25","5,90,951","2,31,32,765",56.70
SBIN,EQ,31-Jan-2023,538.2,545.0,557.0,537.85,556.95,553.5,550.83,"2,19,11,943","12,06,97,23,500.85","2,84,762","1,00,14,509",45.70
SBIN,EQ,01-Feb-2023,553.5,561.4,565.0,499.35,527.0,527.35,541.41,"3,82,18,810","20,69,21,38,679.10","4,98,247","1,24,77,291",32.65
SBIN,EQ,02-Feb-2023,527.35,520.2,532.65,502.5,532.1,528.1,521.91,"3,92,87,056","20,50,42,07,140.65","4,71,242","1,59,00,344",40.47
SBIN,EQ,03-Feb-2023,528.1,536.0,545.95,519.15,545.7,544.2,535.23,"3,23,17,232","17,29,70,09,476.05","4,44,091","1,04,66,617",32.39
SBIN,EQ,06-Feb-2023,544.2,558.8,558.8,536.55,543.9,545.4,545.24,"2,53,38,586","13,81,56,25,569.50","2,66,976","91,16,230",35.98
SBIN,EQ,07-Feb-2023,545.4,548.0,551.4,541.05,546.2,547.1,546.83,"1,61,95,947","8,85,63,78,573.70","3,43,935","51,72,352",31.94
SBIN,EQ,08-Feb-2023,547.1,550.0,554.5,545.5,550.75,549.75,549.76,"1,55,02,847","8,52,29,03,102.05","2,44,248","74,75,340",48.22
SBIN,EQ,09-Feb-2023,549.75,552.0,552.0,542.8,551.0,550.8,548.33,"1,50,61,047","8,25,83,88,340.35","1,47,809","80,79,673",53.65
SBIN,EQ,10-Feb-2023,550.8,546.5,557.25,546.5,552.9,553.05,553.81,"1,38,24,475","7,65,61,54,646.75","1,79,516","69,96,559",50.61
SBIN,EQ,13-Feb-2023,553.05,554.0,556.9,533.3,537.1,537.5,539.69,"1,84,88,732","9,97,81,35,518.80","2,48,043","90,84,653",49.14
SBIN,EQ,14-Feb-2023,537.5,539.95,544.6,530.75,541.0,540.85,536.92,"1,85,59,909","9,96,51,43,466.40","2,21,342","95,04,632",51.21
SBIN,EQ,15-Feb-2023,540.85,540.0,544.65,536.8,542.8,542.25,541.31,"1,27,96,579","6,92,69,57,648.50","2,07,687","69,43,042",54.26
SBIN,EQ,16-Feb-2023,542.25,546.85,546.85,538.5,539.3,540.1,542.25,"1,27,67,016","6,92,28,54,433.10","2,19,926","73,04,544",57.21
SBIN,EQ,17-Feb-2023,540.1,538.5,539.65,527.75,530.65,531.0,532.32,"1,41,92,008","7,55,46,22,361.75","2,20,159","56,86,809",40.07
SBIN,EQ,20-Feb-2023,531.0,532.0,533.95,522.15,525.45,525.15,526.99,"1,25,70,032","6,62,42,34,423.90","2,07,013","50,49,722",40.17
SBIN,EQ,21-Feb-2023,525.15,527.1,528.95,522.4,523.8,523.45,525.46,"1,02,23,218","5,37,18,49,834.55","2,01,064","32,79,783",32.08
SBIN,EQ,22-Feb-2023,523.45,520.75,521.9,512.5,516.75,516.35,516.6,"1,47,63,050","7,62,65,22,439.50","2,79,932","72,54,757",49.14
SBIN,EQ,23-Feb-2023,516.35,516.95,524.0,511.35,522.85,521.0,518.82,"1,55,35,085","8,05,98,38,424.75","2,09,593","58,46,231",37.63
SBIN,EQ,24-Feb-2023,521.0,524.2,527.5,517.6,521.5,521.05,522.25,"1,22,53,035","6,39,91,75,579.85","1,74,036","52,66,229",42.98
SBIN,EQ,27-Feb-2023,521.05,521.1,529.8,519.0,527.5,527.7,525.49,"1,10,48,799","5,80,59,88,068.60","1,75,532","39,56,168",35.81
SBIN,EQ,28-Feb-2023,527.7,527.25,528.45,521.05,522.45,522.8,523.97,"1,57,68,010","8,26,20,22,278.80","1,38,340","90,13,032",57.16
SBIN,EQ,01-Mar-2023,522.8,523.25,537.4,523.1,536.25,536.7,532.39,"1,35,10,198","7,19,27,17,063.95","2,47,974","63,56,190",47.05
SBIN,EQ,02-Mar-2023,536.7,535.95,539.9,532.5,534.5,533.75,535.45,"1,03,76,913","5,55,62,84,341.95","1,50,813","42,82,815",41.27
SBIN,EQ,03-Mar-2023,533.75,542.0,564.3,541.75,561.0,561.2,557.8,"2,76,56,538","15,42,68,80,804.45","3,01,105","1,15,81,862",41.88
SBIN,EQ,06-Mar-2023,561.2,564.9,567.9,559.0,561.8,561.7,563.48,"1,61,62,268","9,10,70,45,455.25","1,99,841","85,48,401",52.89
SBIN,EQ,08-Mar-2023,561.7,560.0,565.5,556.45,564.0,564.8,561.23,"1,26,37,578","7,09,26,00,028.60","1,63,357","69,89,670",55.31
SBIN,EQ,09-Mar-2023,564.8,564.75,565.75,558.0,558.7,558.9,561.63,"89,93,423","5,05,09,51,266.70","1,29,019","47,79,228",53.14
SBIN,EQ,10-Mar-2023,558.9,553.1,554.95,545.0,547.65,547.35,548.4,"1,15,22,371","6,31,89,23,508.05","2,23,557","56,03,181",48.63
SBIN,EQ,13-Mar-2023,547.35,547.0,553.15,528.45,529.95,530.0,537.53,"1,43,73,729","7,72,63,10,525.70","2,11,599","64,33,717",44.76
SBIN,EQ,14-Mar-2023,530.0,527.65,532.8,520.0,526.0,525.4,524.87,"1,47,50,800","7,74,22,94,996.90","2,62,481","50,39,617",34.17
SBIN,EQ,15-Mar-2023,525.4,529.8,532.0,515.55,517.8,517.55,524.47,"1,12,82,329","5,91,72,58,639.80","2,52,252","47,13,550",41.78
SBIN,EQ,16-Mar-2023,517.55,518.4,529.35,514.3,525.65,524.5,521.02,"2,00,40,008","10,44,13,35,063.95","2,90,873","72,64,230",36.25
SBIN,EQ,17-Mar-2023,524.5,528.65,531.6,520.1,531.0,529.8,526.55,"1,87,87,379","9,89,25,76,528.70","1,85,372","82,16,481",43.73
SBIN,EQ,20-Mar-2023,529.8,526.6,526.6,515.0,520.0,519.2,518.98,"1,42,75,315","7,40,85,42,782.55","2,51,690","56,00,274",39.23
SBIN,EQ,21-Mar-2023,519.2,522.0,523.45,516.45,521.75,521.85,520.33,"2,94,85,180","15,34,19,48,084.50","2,95,453","1,99,06,339",67.51
SBIN,EQ,22-Mar-2023,521.85,522.2,527.0,520.1,521.55,521.55,523.63,"1,16,19,538","6,08,42,88,023.15","1,55,900","52,68,693",45.34
SBIN,EQ,23-Mar-2023,521.55,519.4,521.0,511.5,512.0,512.75,517.21,"2,20,97,792","11,42,91,12,837.45","2,61,069","1,13,42,410",51.33
SBIN,EQ,24-Mar-2023,512.75,514.5,514.95,503.45,505.5,505.35,510.24,"1,44,16,984","7,35,61,53,435.65","1,94,898","54,24,799",37.63
SBIN,EQ,27-Mar-2023,505.35,507.0,514.15,501.55,509.0,510.15,509.28,"1,56,74,218","7,98,26,18,562.65","2,24,703","39,52,164",25.21
SBIN,EQ,28-Mar-2023,510.15,511.45,511.75,503.85,509.0,508.1,507.96,"1,58,33,599","8,04,28,52,927.30","1,99,721","46,23,581",29.20
SBIN,EQ,29-Mar-2023,508.1,509.0,518.0,506.3,517.0,516.5,512.21,"2,42,03,789","12,39,74,77,065.00","2,16,794","86,19,929",35.61
SBIN,EQ,31-Mar-2023,516.5,520.65,524.9,519.35,523.0,523.75,522.06,"1,73,56,345","9,06,11,33,003.00","2,10,617","63,88,153",36.81
SBIN,EQ,03-Apr-2023,523.75,524.75,528.5,522.1,525.6,526.75,525.94,"1,42,10,949","7,47,41,13,454.40","1,37,769","24,38,251",17.16
SBIN,EQ,05-Apr-2023,526.75,527.0,527.6,519.05,523.5,523.0,522.57,"1,35,74,801","7,09,38,06,223.30","1,74,172","46,34,585",34.14
SBIN,EQ,06-Apr-2023,523.0,524.0,533.7,521.65,527.7,527.65,528.66,"2,51,25,879","13,28,29,81,142.75","2,32,693","57,59,507",22.92
SBIN,EQ,10-Apr-2023,527.65,529.25,530.4,524.4,525.7,526.3,527.28,"1,73,35,453","9,14,06,93,489.70","1,38,261","28,61,438",16.51
SBIN,EQ,11-Apr-2023,526.3,530.85,535.7,527.15,532.5,532.1,533.07,"2,64,14,406","14,08,08,36,565.45","1,76,416","45,16,279",17.10
SBIN,EQ,12-Apr-2023,532.1,533.2,534.0,526.0,529.15,528.2,529.65,"2,12,92,441","11,27,75,64,811.00","1,70,950","62,08,271",29.16
SBIN,EQ,13-Apr-2023,528.2,529.3,534.25,527.15,533.4,532.95,530.4,"2,85,97,560","15,16,82,46,670.05","1,68,188","45,76,910",16.00
SBIN,EQ,17-Apr-2023,532.95,528.0,545.0,528.0,544.4,544.0,539.11,"3,24,76,990","17,50,87,92,556.85","2,29,953","78,32,609",24.12
SBIN,EQ,18-Apr-2023,544.0,545.35,548.5,540.5,545.25,545.85,545.32,"2,22,83,456","12,15,16,54,395.50","2,18,269","58,57,265",26.29
SBIN,EQ,19-Apr-2023,545.85,544.0,547.5,538.25,539.4,540.3,543.32,"2,11,56,372","11,49,47,63,710.95","1,42,208","28,76,163",13.59
SBIN,EQ,20-Apr-2023,540.3,541.2,545.45,536.65,544.35,544.8,541.56,"2,55,88,577","13,85,76,34,831.90","1,46,793","39,37,602",15.39
SBIN,EQ,21-Apr-2023,544.8,545.0,546.4,539.7,542.3,543.15,542.35,"2,25,99,418","12,25,67,95,887.05","1,88,920","50,38,165",22.29
SBIN,EQ,24-Apr-2023,543.15,543.8,555.55,543.5,553.8,554.6,550.47,"2,33,35,611","12,84,55,92,513.85","2,10,456","76,18,595",32.65
SBIN,EQ,25-Apr-2023,554.6,555.0,567.9,555.0,561.35,561.8,562.34,"3,81,42,390","21,44,89,99,021.65","2,50,488","1,04,87,670",27.50
SBIN,EQ,26-Apr-2023,561.8,562.0,567.0,556.45,567.0,566.35,562.67,"2,31,43,882","13,02,24,69,078.50","1,95,651","76,44,016",33.03
SBIN,EQ,27-Apr-2023,566.35,565.0,567.4,561.1,564.45,564.75,564.04,"1,78,45,169","10,06,53,43,831.20","2,13,129","37,16,055",20.82
SBIN,EQ,28-Apr-2023,564.75,567.8,580.45,565.5,576.1,578.3,572.14,"1,61,83,423","9,25,91,24,491.90","1,72,070","63,23,241",39.07
SBIN,EQ,02-May-2023,578.3,580.0,580.85,573.15,574.4,575.3,577.47,"1,36,67,511","7,89,25,86,303.30","2,72,846","68,20,342",49.90
SBIN,EQ,03-May-2023,575.3,570.65,575.0,569.0,569.9,570.5,572.27,"96,99,527","5,55,07,86,227.05","1,51,234","29,88,248",30.81
SBIN,EQ,04-May-2023,570.5,570.2,580.8,568.5,579.45,580.0,576.93,"1,25,33,761","7,23,11,05,959.65","1,55,082","39,12,583",31.22
SBIN,EQ,05-May-2023,580.0,580.2,588.25,575.05,576.45,576.5,582.81,"1,81,63,461","10,58,59,37,155.00","1,82,941","52,72,072",29.03
SBIN,EQ,08-May-2023,576.5,577.65,587.6,577.35,584.6,583.6,582.04,"1,29,90,869","7,56,11,57,898.55","1,59,186","36,90,834",28.41
SBIN,EQ,09-May-2023,583.6,585.0,586.45,572.1,573.7,573.5,576.83,"1,89,59,065","10,93,61,67,606.40","2,47,801","73,37,137",38.70
SBIN,EQ,10-May-2023,573.5,575.0,575.0,563.25,572.15,572.2,568.87,"1,85,61,315","10,55,90,52,709.10","2,23,302","54,54,128",29.38
SBIN,EQ,11-May-2023,572.2,572.2,580.0,572.0,573.7,573.45,574.59,"1,60,16,715","9,20,31,23,584.55","1,83,896","31,39,645",19.60
SBIN,EQ,12-May-2023,573.45,574.7,580.75,571.55,578.1,578.15,576.81,"1,13,19,335","6,52,91,01,795.50","1,48,890","29,74,058",26.27
SBIN,EQ,15-May-2023,578.15,578.75,584.0,574.65,582.05,581.9,581.35,"1,14,10,243","6,63,33,67,008.50","1,76,477","40,08,677",35.13
SBIN,EQ,16-May-2023,581.9,584.0,590.4,582.0,585.95,586.3,586.03,"2,21,78,229","12,99,71,34,028.50","2,33,142","56,79,408",25.61
SBIN,EQ,17-May-2023,586.3,586.0,590.5,579.5,587.2,586.3,584.82,"2,37,39,774","13,88,33,95,488.50","2,51,054","55,07,063",23.20
SBIN,EQ,18-May-2023,586.3,590.3,593.9,571.4,576.35,574.2,583.0,"4,56,56,620","26,61,76,35,078.25","4,03,645","95,58,160",20.93
SBIN,EQ,19-May-2023,574.2,579.0,586.25,569.9,575.65,575.15,576.07,"4,22,93,962","24,36,42,73,546.75","3,51,340","1,42,09,037",33.60
SBIN,EQ,22-May-2023,575.15,577.5,580.3,573.45,576.55,577.15,577.12,"2,14,84,049","12,39,88,69,154.95","2,05,172","58,41,775",27.19
SBIN,EQ,23-May-2023,577.15,578.9,583.7,576.8,580.3,581.6,580.66,"1,61,20,548","9,36,05,57,915.40","1,54,666","42,60,949",26.43
SBIN,EQ,24-May-2023,581.6,579.8,585.25,578.25,582.0,582.7,583.06,"1,76,16,658","10,27,16,55,251.50","1,58,808","53,94,675",30.62
SBIN,EQ,25-May-2023,582.7,582.0,582.9,577.0,580.7,581.25,580.06,"1,64,79,436","9,55,91,18,791.75","1,51,117","60,35,545",36.62
SBIN,EQ,26-May-2023,581.25,581.25,587.75,580.55,585.75,586.0,585.13,"97,88,076","5,72,73,06,518.30","1,17,540","36,14,841",36.93
SBIN,EQ,29-May-2023,586.0,590.0,596.4,588.05,594.6,595.0,593.5,"1,84,32,231","10,93,96,16,927.30","3,23,484","86,70,091",47.04
SBIN,EQ,30-May-2023,595.0,595.0,595.5,591.5,592.95,592.8,593.57,"1,50,31,640","8,92,22,77,742.60","1,56,739","48,92,995",32.55
SBIN,EQ,31-May-2023,592.8,583.8,584.8,577.5,581.0,579.85,581.09,"2,87,97,643","16,73,39,58,686.45","2,09,733","1,60,50,197",55.73
SBIN,EQ,01-Jun-2023,579.85,581.8,586.4,581.0,583.05,582.75,584.03,"1,78,20,226","10,40,75,10,474.15","1,70,662","64,47,653",36.18
SBIN,EQ,02-Jun-2023,582.75,584.7,588.9,583.0,586.6,587.2,586.45,"1,13,23,908","6,64,09,01,519.45","1,57,397","40,19,066",35.49
SBIN,EQ,05-Jun-2023,587.2,588.5,589.8,586.0,587.0,587.2,587.86,"1,29,20,507","7,59,54,73,740.25","1,43,514","69,13,408",53.51
SBIN,EQ,06-Jun-2023,587.2,588.0,588.9,583.0,586.0,585.35,585.23,"1,11,99,940","6,55,45,43,425.95","1,40,444","44,30,081",39.55
SBIN,EQ,07-Jun-2023,585.35,588.0,590.6,586.0,588.8,589.2,588.49,"1,11,13,781","6,54,03,71,617.50","1,70,307","43,72,718",39.35
SBIN,EQ,08-Jun-2023,589.2,589.95,593.95,586.35,588.0,588.5,591.21,"1,59,71,917","9,44,27,24,430.85","1,40,988","45,90,648",28.74
SBIN,EQ,09-Jun-2023,588.5,588.0,589.1,576.75,578.8,578.7,580.81,"1,88,70,272","10,96,00,50,604.80","2,53,490","87,73,204",46.49
SBIN,EQ,12-Jun-2023,578.7,580.0,581.5,577.7,578.55,578.65,579.37,"87,86,066","5,09,03,56,083.85","1,29,364","36,44,909",41.49
SBIN,EQ,13-Jun-2023,578.65,579.45,581.4,574.25,576.35,576.4,576.44,"1,26,12,098","7,27,00,79,551.55","1,98,530","46,38,747",36.78
SBIN,EQ,14-Jun-2023,576.4,577.0,578.55,575.25,576.35,576.55,576.96,"89,48,696","5,16,30,47,228.70","1,22,388","23,57,142",26.34
SBIN,EQ,15-Jun-2023,576.55,576.0,576.7,565.25,566.75,566.5,571.49,"1,79,34,877","10,24,95,89,135.90","2,32,221","63,02,464",35.14
SBIN,EQ,16-Jun-2023,566.5,568.75,574.7,567.05,570.0,571.25,570.69,"1,26,60,226","7,22,50,83,719.50","1,78,755","72,74,348",57.46
SBIN,EQ,19-Jun-2023,571.25,571.25,572.75,565.9,569.2,568.85,568.29,"1,79,03,691","10,17,44,91,934.45","2,13,062","71,36,026",39.86
SBIN,EQ,20-Jun-2023,568.85,568.85,569.45,562.55,568.0,567.4,565.75,"1,45,49,152","8,23,11,66,324.45","2,16,416","51,73,041",35.56
SBIN,EQ,21-Jun-2023,567.4,567.4,569.5,565.65,566.3,566.35,567.46,"1,49,46,871","8,48,17,84,144.45","2,19,147","82,98,303",55.52
SBIN,EQ,22-Jun-2023,566.35,566.35,569.0,561.05,562.9,562.95,564.62,"1,49,79,063","8,45,74,57,302.25","1,99,200","53,17,404",35.50
SBIN,EQ,23-Jun-2023,562.95,562.0,562.1,553.8,555.45,554.6,556.89,"1,22,15,712","6,80,28,03,838.55","2,18,058","61,83,151",50.62
SBIN,EQ,26-Jun-2023,554.6,556.0,558.5,554.5,557.35,557.05,556.75,"83,60,264","4,65,46,18,050.30","1,64,198","41,03,221",49.08
SBIN,EQ,27-Jun-2023,557.05,558.25,567.95,555.65,567.3,566.1,560.63,"1,06,94,768","5,99,57,85,528.20","2,11,284","46,62,341",43.59
SBIN,EQ,28-Jun-2023,566.1,572.25,574.0,568.55,571.0,569.8,571.17,"1,80,28,934","10,29,76,58,917.65","2,43,601","73,86,647",40.97
SBIN,EQ,30-Jun-2023,569.8,574.0,574.0,570.2,572.35,572.85,572.3,"87,18,232","4,98,94,42,645.40","1,55,913","43,34,652",49.72
SBIN,EQ,03-Jul-2023,572.85,574.5,586.35,573.9,585.4,585.45,581.26,"1,54,21,985","8,96,41,44,325.90","2,11,446","64,59,497",41.88
SBIN,EQ,04-Jul-2023,585.45,588.2,595.95,582.25,588.9,589.25,590.37,"2,47,99,250","14,64,08,54,129.20","3,50,400","78,27,869",31.56
SBIN,EQ,05-Jul-2023,589.25,589.8,593.7,588.2,591.25,590.6,590.5,"1,35,98,114","8,02,97,06,202.95","2,71,617","55,77,248",41.01
SBIN,EQ,06-Jul-2023,590.6,590.4,593.5,589.1,592.25,592.5,591.75,"1,13,23,509","6,70,06,79,504.10","1,88,528","41,94,399",37.04
SBIN,EQ,07-Jul-2023,592.5,590.0,595.5,585.5,592.5,593.6,590.44,"1,17,07,209","6,91,24,13,770.85","2,20,036","51,38,043",43.89
SBIN,EQ,10-Jul-2023,593.6,594.65,599.8,590.25,591.6,592.6,595.13,"1,14,17,363","6,79,48,59,601.00","1,75,959","34,05,853",29.83
SBIN,EQ,11-Jul-2023,592.6,595.0,595.95,587.35,589.35,588.55,591.37,"1,32,21,177","7,81,86,63,062.75","2,24,137","48,09,659",36.38
SBIN,EQ,12-Jul-2023,588.55,589.0,594.5,588.2,589.6,589.25,590.82,"1,60,29,716","9,47,06,54,030.50","2,27,576","83,52,944",52.11
SBIN,EQ,13-Jul-2023,589.25,594.9,598.0,583.35,586.0,585.65,591.82,"2,00,24,503","11,85,08,04,940.95","2,92,405","62,73,309",31.33
SBIN,EQ,14-Jul-2023,585.65,586.75,591.3,580.7,584.85,584.4,584.92,"1,21,90,152","7,13,02,26,704.30","1,91,652","58,66,794",48.13
SBIN,EQ,17-Jul-2023,584.4,587.0,602.85,584.2,602.0,601.1,594.72,"1,93,78,986","11,52,51,51,182.85","2,55,411","86,99,928",44.89
SBIN,EQ,18-Jul-2023,601.1,603.05,604.05,588.75,592.5,592.35,597.04,"2,57,57,209","15,37,80,20,448.05","3,56,474","68,82,008",26.72
SBIN,EQ,19-Jul-2023,592.35,594.65,602.4,592.0,600.85,601.45,598.2,"1,75,56,585","10,50,24,35,041.00","2,29,380","51,15,653",29.14
SBIN,EQ,20-Jul-2023,601.45,601.4,610.8,598.75,610.0,610.05,607.09,"3,40,38,351","20,66,41,79,322.85","4,18,329","1,63,50,741",48.04
SBIN,EQ,21-Jul-2023,610.05,610.0,619.5,609.0,615.35,615.1,616.02,"2,10,40,281","12,96,12,08,006.40","2,78,392","80,54,181",38.28
SBIN,EQ,24-Jul-2023,615.1,615.05,621.9,614.3,617.9,617.65,618.22,"1,17,56,364","7,26,80,33,560.60","2,02,347","32,94,221",28.02
SBIN,EQ,25-Jul-2023,617.65,621.8,621.8,604.2,609.9,609.6,610.43,"1,85,03,305","11,29,48,99,424.10","2,82,970","41,91,258",22.65
SBIN,EQ,26-Jul-2023,609.6,612.0,616.35,609.15,614.4,615.15,613.49,"99,99,125","6,13,44,01,476.75","1,72,572","30,39,203",30.39
SBIN,EQ,27-Jul-2023,615.15,616.4,621.25,613.1,617.0,616.55,616.65,"1,74,44,742","10,75,73,20,781.55","2,26,610","57,74,328",33.10
SBIN,EQ,28-Jul-2023,616.55,616.4,619.9,613.6,616.0,616.05,616.59,"1,19,30,586","7,35,62,36,982.10","1,61,432","48,24,810",40.44
SBIN,EQ,31-Jul-2023,616.05,616.65,621.0,614.5,619.0,620.2,618.92,"86,05,483","5,32,61,28,162.15","1,24,305","37,68,229",43.79
SBIN,EQ,01-Aug-2023,620.2,620.2,620.85,610.6,612.4,611.85,614.09,"1,34,93,453","8,28,62,25,481.95","1,99,918","44,68,411",33.12
SBIN,EQ,02-Aug-2023,611.85,609.85,610.5,594.1,598.8,598.45,601.63,"1,49,77,497","9,01,09,47,970.40","2,73,820","53,49,044",35.71
SBIN,EQ,03-Aug-2023,598.45,598.7,600.85,585.0,591.25,590.5,590.78,"2,77,74,877","16,40,88,64,220.80","3,20,867","76,88,103",27.68
SBIN,EQ,04-Aug-2023,590.5,594.8,598.7,571.4,573.2,573.3,582.94,"5,27,25,616","30,73,59,73,949.65","5,68,761","1,98,87,839",37.72
SBIN,EQ,07-Aug-2023,573.3,577.0,577.0,566.65,568.35,567.9,569.52,"3,27,36,325","18,64,39,67,967.55","4,24,649","1,42,28,827",43.46
SBIN,EQ,08-Aug-2023,567.9,571.0,574.25,568.45,573.7,573.1,571.54,"2,50,38,671","14,31,05,53,091.45","3,53,947","1,08,67,206",43.40
SBIN,EQ,09-Aug-2023,573.1,575.0,575.0,568.35,573.65,573.75,571.15,"1,57,69,111","9,00,65,04,554.10","2,47,711","70,73,585",44.86
SBIN,EQ,10-Aug-2023,573.75,573.75,577.6,570.1,574.0,573.65,573.33,"2,73,25,801","15,66,65,66,522.25","4,21,225","98,00,370",35.86
SBIN,EQ,11-Aug-2023,573.65,575.45,579.0,572.0,574.5,574.15,575.36,"1,82,21,179","10,48,37,83,178.00","2,63,372","80,60,217",44.24
SBIN,EQ,14-Aug-2023,574.15,572.95,573.0,558.6,561.0,560.8,561.45,"2,80,84,093","15,76,76,94,753.00","4,78,707","1,38,09,180",49.17
SBIN,EQ,16-Aug-2023,560.8,558.8,566.4,554.0,565.05,565.35,563.54,"1,57,25,767","8,86,20,34,153.75","1,90,829","59,94,932",38.12
SBIN,EQ,17-Aug-2023,565.35,565.75,573.15,564.0,571.75,572.15,568.81,"2,79,10,162","15,87,54,89,835.20","3,38,178","1,27,19,935",45.57
SBIN,EQ,18-Aug-2023,572.15,570.0,575.25,567.4,571.15,572.95,571.79,"1,82,53,227","10,43,70,30,633.70","2,96,911","85,82,405",47.02
SBIN,EQ,21-Aug-2023,572.95,572.95,575.55,570.75,571.3,571.7,572.74,"93,80,810","5,37,27,33,325.40","1,54,325","26,89,028",28.67
SBIN,EQ,22-Aug-2023,571.7,572.5,574.45,567.5,568.2,568.5,570.63,"1,40,73,413","8,03,07,60,756.35","1,94,890","46,98,558",33.39
SBIN,EQ,23-Aug-2023,568.5,571.0,577.95,566.0,576.3,576.9,572.66,"1,85,79,297","10,63,96,20,981.45","2,60,827","74,87,329",40.30
SBIN,EQ,24-Aug-2023,576.9,578.15,582.0,575.55,577.0,576.95,578.0,"2,41,31,644","13,94,80,78,521.65","3,21,952","79,10,389",32.78
SBIN,EQ,25-Aug-2023,576.95,573.8,575.3,567.2,569.7,569.95,571.2,"1,22,71,885","7,00,96,92,537.00","1,98,589","34,34,185",27.98
SBIN,EQ,28-Aug-2023,569.95,572.8,574.8,569.2,573.1,572.85,571.84,"97,11,932","5,55,37,05,392.90","1,81,649","28,07,235",28.91
SBIN,EQ,29-Aug-2023,572.85,573.65,576.3,571.85,575.25,574.85,574.01,"1,31,44,855","7,54,53,23,890.40","2,32,951","42,70,158",32.49
SBIN,EQ,30-Aug-2023,574.85,576.7,577.7,566.1,567.5,567.4,571.91,"1,52,81,416","8,73,96,16,795.90","2,45,036","67,48,751",44.16
SBIN,EQ,31-Aug-2023,567.4,569.3,570.3,559.4,562.15,561.35,564.43,"2,78,98,476","15,74,66,86,711.25","3,26,854","1,04,48,308",37.45
SBIN,EQ,01-Sep-2023,561.35,562.7,571.2,562.1,569.5,569.55,567.55,"1,81,21,168","10,28,47,01,912.55","2,60,408","78,28,067",43.20
SBIN,EQ,04-Sep-2023,569.55,572.0,576.35,568.45,575.6,575.55,572.87,"1,21,08,655","6,93,66,98,350.40","1,95,524","48,50,266",40.06
SBIN,EQ,05-Sep-2023,575.55,575.6,578.25,571.35,572.95,573.0,574.05,"1,44,44,729","8,29,20,19,922.20","2,47,672","34,89,469",24.16
SBIN,EQ,06-Sep-2023,573.0,574.25,574.25,568.0,570.95,570.5,570.55,"2,06,09,936","11,75,91,00,652.10","3,37,013","56,86,645",27.59
SBIN,EQ,07-Sep-2023,570.5,568.0,581.0,568.0,580.6,579.05,575.6,"1,23,90,597","7,13,20,78,107.95","1,80,550","48,28,758",38.97
SBIN,EQ,08-Sep-2023,579.05,581.0,588.5,579.7,583.4,583.45,584.57,"1,40,32,068","8,20,27,79,359.95","2,05,241","58,66,967",41.81
SBIN,EQ,11-Sep-2023,583.45,587.0,592.3,585.35,591.25,591.7,590.12,"1,09,46,134","6,45,95,50,843.30","2,71,751","52,29,717",47.78
SBIN,EQ,12-Sep-2023,591.7,593.65,594.25,584.65,587.6,588.35,588.44,"1,60,93,060","9,46,98,53,287.90","2,54,109","60,92,579",37.86
SBIN,EQ,13-Sep-2023,588.35,588.4,598.0,583.45,596.35,596.45,592.24,"1,93,77,172","11,47,59,63,581.80","2,79,643","59,23,422",30.57
SBIN,EQ,14-Sep-2023,596.45,598.45,603.7,595.2,596.6,597.3,598.77,"1,31,78,911","7,89,11,38,917.75","2,60,528","50,30,891",38.17
SBIN,EQ,15-Sep-2023,597.3,599.35,600.7,595.2,598.05,598.8,598.23,"1,17,56,389","7,03,30,62,065.15","1,82,595","55,51,889",47.22
SBIN,EQ,18-Sep-2023,598.8,598.8,608.4,597.05,603.0,603.95,605.18,"1,93,05,055","11,68,30,85,228.80","3,36,027","62,99,800",32.63
SBIN,EQ,20-Sep-2023,603.95,600.85,606.8,599.4,601.0,601.1,602.78,"2,13,14,600","12,84,80,60,287.55","3,51,772","80,03,748",37.55
SBIN,EQ,21-Sep-2023,601.1,600.0,606.6,584.65,587.9,588.15,593.29,"2,34,53,425","13,91,46,25,160.45","4,25,490","83,08,765",35.43
SBIN,EQ,22-Sep-2023,588.15,593.5,602.0,591.4,598.7,598.15,598.12,"1,87,84,139","11,23,52,13,845.05","2,95,166","65,36,792",34.80
SBIN,EQ,25-Sep-2023,598.15,601.5,601.5,590.45,593.95,594.05,594.79,"97,12,784","5,77,71,09,828.20","2,62,285","34,97,893",36.01
SBIN,EQ,26-Sep-2023,594.05,594.0,595.0,591.25,594.45,594.4,593.8,"83,27,427","4,94,48,09,375.45","1,85,873","28,88,462",34.69
SBIN,EQ,27-Sep-2023,594.4,593.45,594.3,588.2,590.0,589.75,590.74,"98,65,347","5,82,78,26,886.25","2,32,626","52,84,601",53.57
SBIN,EQ,28-Sep-2023,589.75,591.25,595.2,588.85,590.5,589.95,591.37,"2,19,60,816","12,98,69,61,371.85","2,87,488","97,46,149",44.38
SBIN,EQ,29-Sep-2023,589.95,592.85,600.0,591.3,598.3,598.55,597.22,"1,21,89,735","7,27,99,47,317.40","2,24,164","48,67,517",39.93
SBIN,EQ,03-Oct-2023,598.55,596.6,604.9,589.6,603.1,602.95,597.63,"1,53,22,196","9,15,69,85,818.05","2,45,784","83,12,801",54.25
SBIN,EQ,04-Oct-2023,602.95,600.0,600.45,584.45,585.2,586.25,590.41,"2,49,14,612","14,70,97,73,963.60","3,08,578","1,21,45,737",48.75
SBIN,EQ,05-Oct-2023,586.25,590.0,594.35,587.1,592.0,592.15,591.18,"1,32,48,028","7,83,20,00,311.45","2,09,600","52,18,527",39.39
